,raceId,driverId,constructorId,grid,position,statusId,constructorForm,driverPerformance
0,18,1,1,1,1,1,5.000164300340007,0.8546516892561985
1,18,5,1,3,5,1,5.000164300340007,0.6374870880727223
2,18,2,2,5,2,1,2.273518167203879,0.8121589582764177
3,18,9,2,2,\N,4,2.273518167203879,0.6644109372145623
4,18,3,3,7,3,1,3.0562390832933315,0.9304577676181545
5,18,6,3,13,6,11,3.0562390832933315,0.595209378167507
6,18,4,4,11,4,1,1.8268815547508408,0.9936597099353724
7,18,12,4,20,\N,8,1.8268815547508408,0.5493004600455449
8,18,7,5,17,7,5,1.5268514086339717,0.833482181177255
9,18,20,5,9,\N,4,1.5268514086339717,0.6504280601084498
10,18,8,6,15,8,5,1.3043673819053694,0.6255465187983794
11,18,13,6,4,\N,5,1.3043673819053694,0.8753066872371988
12,19,8,6,2,1,1,2.273518167203879,0.833482181177255
13,19,13,6,1,\N,20,2.273518167203879,0.6504280601084498
14,19,9,2,4,2,1,3.0562390832933315,0.7405460997436751
15,19,2,2,5,6,1,3.0562390832933315,0.7218109992535692
16,19,5,1,8,3,1,5.000164300340007,0.704076110794661
17,19,1,1,9,5,1,5.000164300340007,0.760184216282552
18,19,15,7,3,4,1,1.3043673819053694,0.9304577676181545
19,19,10,7,10,\N,4,1.3043673819053694,0.595209378167507
20,19,17,9,6,7,1,1.1276580727581926,0.6956029907222245
21,19,14,9,12,9,1,1.1276580727581926,0.7702989490466019
22,19,4,4,7,8,1,1.5268514086339717,0.958450338568484
23,19,12,4,13,11,1,1.5268514086339717,0.5789905357400984
24,19,18,11,11,10,1,0.8505550881170205,0.8121589582764177
25,19,22,11,14,13,11,0.8505550881170205,0.6644109372145623
26,19,21,10,17,12,11,0.7333619496011154,0.8228185034689511
27,19,16,10,20,\N,9,0.7333619496011154,0.6572870861986098
28,19,3,3,16,14,11,1.8268815547508408,0.8853228647478889
29,19,6,3,22,17,12,1.8268815547508408,0.6199361132810149
30,19,19,8,21,15,11,0.6232802959048005,0.6438296975962539
31,19,11,8,19,16,12,0.6232802959048005,0.8441080196559834
32,19,20,5,15,\N,5,0.9797621139807148,0.760184216282552
33,19,7,5,18,\N,20,0.9797621139807148,0.704076110794661
34,20,13,6,2,1,1,3.0562390832933315,0.6901033966578752
35,20,8,6,4,2,1,3.0562390832933315,0.7771369166229789
36,20,9,2,1,3,1,5.000164300340007,0.7771369166229789
37,20,2,2,6,4,1,5.000164300340007,0.6901033966578752
38,20,5,1,5,5,1,2.273518167203879,0.7502601055951177
39,20,1,1,3,13,11,2.273518167203879,0.7128140986174973
40,20,15,7,7,6,1,1.5268514086339717,0.9250228010521184
41,20,10,7,13,9,1,1.5268514086339717,0.5982043210086038
42,20,17,9,11,7,1,1.1276580727581926,0.8192628663393897
43,20,14,9,17,18,11,1.1276580727581926,0.6596320970315583
44,20,3,3,8,8,1,1.8268815547508408,0.9250228010521184
45,20,6,3,16,14,11,1.8268815547508408,0.5982043210086038
46,20,4,4,10,10,1,1.3043673819053694,0.9659182218621688
47,20,12,4,14,\N,6,1.3043673819053694,0.5742016537909521
48,20,22,11,12,11,1,0.8505550881170205,0.724866149113898
49,20,18,11,9,\N,4,0.8505550881170205,0.7373577049192391
50,20,21,10,18,12,11,0.7333619496011154,0.8546516892561985
51,20,16,10,20,19,12,0.7333619496011154,0.6374870880727223
52,20,7,5,15,15,11,0.9797621139807148,0.7840420102398838
53,20,20,5,19,\N,5,0.9797621139807148,0.6847239865572369
54,20,19,8,21,16,11,0.6232802959048005,0.6794651201920797
55,20,11,8,22,17,11,0.6232802959048005,0.7910059984038539
56,21,8,6,1,1,1,5.000164300340007,0.7805815713698451
57,21,13,6,3,2,1,5.000164300340007,0.6873986386222443
58,21,1,1,5,3,1,2.273518167203879,0.7910059984038539
59,21,5,1,6,\N,3,2.273518167203879,0.6794651201920797
60,21,9,2,4,4,1,3.0562390832933315,0.8174856952317918
61,21,2,2,9,9,1,3.0562390832933315,0.6608156816789187
62,21,17,9,7,5,1,1.3043673819053694,0.8853228647478889
63,21,14,9,17,12,11,1.3043673819053694,0.6199361132810149
64,21,18,11,13,6,1,0.9797621139807148,0.7754208248996446
65,21,22,11,11,\N,4,0.9797621139807148,0.69146704910654
66,21,6,3,12,7,1,1.8268815547508408,0.6538247109161819
67,21,3,3,15,\N,5,1.8268815547508408,0.8281523883408324
68,21,15,7,8,8,1,1.5268514086339717,0.9222298210109765
69,21,10,7,14,11,11,1.5268514086339717,0.5997350360252282
70,21,21,10,19,10,11,0.7333619496011154,0.8853228647478889
71,21,16,10,20,\N,4,0.7333619496011154,0.6199361132810149
72,21,11,8,22,13,11,0.6232802959048005,0.7962623078186398
73,21,19,8,21,\N,21,0.6232802959048005,0.675600119944917
74,21,4,4,2,\N,5,1.1276580727581926,0.9667853144843358
75,21,12,4,10,\N,4,1.1276580727581926,0.5736231961167492
76,21,7,5,16,\N,4,0.8505550881170205,0.7962623078186398
77,21,20,5,18,\N,4,0.8505550881170205,0.675600119944917
78,22,13,6,1,1,1,5.000164300340007,0.7128140986174973
79,22,8,6,4,3,1,5.000164300340007,0.7502601055951177
80,22,1,1,3,2,1,2.273518167203879,0.8164197054934791
81,22,5,1,2,12,11,2.273518167203879,0.6615293869440106
82,22,9,2,5,4,1,3.0562390832933315,0.8206849672613876
83,22,2,2,9,5,1,3.0562390832933315,0.6586905520317935
84,22,4,4,7,6,1,1.1276580727581926,0.9780651231545899
85,22,12,4,17,15,11,1.1276580727581926,0.5654550108543672
86,22,17,9,6,7,1,1.5268514086339717,0.8793426489854267
87,22,14,9,10,9,1,1.5268514086339717,0.6232741935487417
88,22,3,3,11,8,1,1.8268815547508408,0.8753066872371988
89,22,6,3,16,\N,4,1.8268815547508408,0.6255465187983794
90,22,15,7,8,10,1,1.3043673819053694,0.9239115343283392
91,22,10,7,15,13,11,1.3043673819053694,0.5988139219348996
92,22,18,11,13,11,11,0.9797621139807148,0.7743932361010726
93,22,22,11,12,14,11,0.9797621139807148,0.6922888432792649
94,22,16,10,19,16,11,0.7333619496011154,0.6451287430390722
95,22,21,10,20,\N,4,0.7333619496011154,0.8419879768769337
96,22,20,5,14,17,11,0.8505550881170205,0.7023601443784966
97,22,7,5,18,\N,22,0.8505550881170205,0.762192592916327
98,23,1,1,3,1,1,3.0562390832933315,0.8299297006587704
99,23,5,1,4,8,1,3.0562390832933315,0.6526852172590858
100,23,9,2,5,2,1,2.273518167203879,0.8753066872371988
101,23,2,2,12,14,14,2.273518167203879,0.6255465187983794
102,23,13,6,1,3,1,5.000164300340007,0.7373577049192391
103,23,8,6,2,9,1,5.000164300340007,0.724866149113898
104,23,17,9,9,4,1,1.5268514086339717,0.9075611020698666
105,23,14,9,15,\N,3,1.5268514086339717,0.6077317193636416
106,23,20,5,19,5,1,0.9797621139807148,0.746997887542625
107,23,7,5,16,\N,4,0.9797621139807148,0.7157846549681294
108,23,22,11,14,6,1,0.8505550881170205,0.704076110794661
109,23,18,11,11,11,11,0.8505550881170205,0.7601842162825518
110,23,6,3,13,7,1,1.8268815547508408,0.6416873388911916
111,23,3,3,6,\N,3,1.8268815547508408,0.8476339536006019
112,23,4,4,7,10,11,1.1276580727581926,0.9817083546469608
113,23,12,4,17,\N,3,1.1276580727581926,0.5624414463583824
114,23,10,7,10,12,11,1.3043673819053694,0.6110954845128711
115,23,15,7,8,13,11,1.3043673819053694,0.9013916678705939
116,23,16,10,18,\N,4,0.7333619496011154,0.6668449974558049
117,23,21,10,20,\N,6,0.7333619496011154,0.8086135565880427
118,24,9,2,2,1,1,3.0562390832933315,0.8753066872371988
119,24,2,2,8,2,1,3.0562390832933315,0.6255465187983794
120,24,14,9,13,3,1,1.8268815547508408,0.6305444438417357
121,24,17,9,10,12,1,1.8268815547508408,0.8665417072371514
122,24,10,7,11,4,1,1.5268514086339717,0.6322499482526539
123,24,15,7,14,6,1,1.5268514086339717,0.8635887666005456
124,24,13,6,6,5,1,5.000164300340007,0.7644970099624068
125,24,8,6,3,\N,4,5.000164300340007,0.7004120688290859
126,24,22,11,9,7,1,0.9797621139807148,0.7446823982906241
127,24,18,11,20,11,1,0.9797621139807148,0.7179239543570244
128,24,20,5,19,8,1,0.8505550881170205,0.7474624630394476
129,24,7,5,18,13,11,0.8505550881170205,0.7153585374263345
130,24,5,1,7,9,1,2.273518167203879,0.6707303772443399
131,24,1,1,1,\N,4,2.273518167203879,0.8030552913948704
132,24,3,3,5,10,1,1.3043673819053694,0.8665417072371514
133,24,6,3,12,\N,3,1.3043673819053694,0.6305444438417357
134,24,21,10,17,\N,20,0.7333619496011154,0.8121589582764177
135,24,16,10,16,\N,6,0.7333619496011154,0.6644109372145623
136,24,4,4,4,\N,20,1.1276580727581926,0.979154629573271
137,24,12,4,15,\N,23,1.1276580727581926,0.5645797772600635
138,25,13,6,2,1,1,5.000164300340007,0.760184216282552
139,25,8,6,1,2,1,5.000164300340007,0.704076110794661
140,25,15,7,4,3,1,1.5268514086339717,0.8803456935623154
141,25,10,7,8,11,1,1.5268514086339717,0.6227120075467963
142,25,5,1,10,4,1,2.273518167203879,0.6833979618825686
143,25,1,1,13,10,1,2.273518167203879,0.7857778222528913
144,25,9,2,5,5,1,3.0562390832933315,0.8902322936270205
145,25,2,2,11,13,1,3.0562390832933315,0.6172179873911197
146,25,17,9,6,6,1,1.8268815547508408,0.8598783402736749
147,25,14,9,7,9,1,1.8268815547508408,0.6344099840668304
148,25,12,4,9,7,1,1.1276580727581926,0.5710738705286483
149,25,4,4,3,8,1,1.1276580727581926,0.9705064590153983
150,25,20,5,12,12,1,0.8505550881170205,0.760184216282552
151,25,7,5,14,17,11,0.8505550881170205,0.704076110794661
152,25,22,11,20,14,11,0.9797621139807148,0.7551970408742978
153,25,18,11,16,\N,4,0.9797621139807148,0.7084123176436116
154,25,6,3,15,15,11,1.3043673819053694,0.6406267561800327
155,25,3,3,19,16,11,1.3043673819053694,0.8493929746525843
156,25,21,10,17,18,11,0.7333619496011154,0.8068431029805595
157,25,16,10,18,19,11,0.7333619496011154,0.6680732318825002
158,26,1,1,4,1,1,2.273518167203879,0.7817333481852516
159,26,5,1,1,5,11,2.273518167203879,0.6865037407063285
160,26,2,2,5,2,1,3.0562390832933315,0.6504280601084498
161,26,9,2,10,\N,20,3.0562390832933315,0.833482181177255
162,26,22,11,16,3,1,0.9797621139807148,0.7817333481852516
163,26,18,11,17,\N,20,0.9797621139807148,0.6865037407063285
164,26,8,6,3,4,11,5.000164300340007,0.7373577049192391
165,26,13,6,9,13,12,5.000164300340007,0.724866149113898
166,26,4,4,6,6,11,1.1276580727581926,0.96819790960939
167,26,12,4,7,\N,20,1.1276580727581926,0.5726688119862449
168,26,15,7,14,7,11,1.8268815547508408,0.8707804762231349
169,26,10,7,12,12,11,1.8268815547508408,0.6281159671478849
170,26,6,3,15,8,11,1.3043673819053694,0.6549715077136657
171,26,3,3,20,9,11,1.3043673819053694,0.8263746226878097
172,26,17,9,2,10,11,1.5268514086339717,0.8886037058933024
173,26,14,9,11,\N,4,1.5268514086339717,0.618117663613641
174,26,7,5,13,11,11,0.8505550881170205,0.7128140986174973
175,26,20,5,8,\N,4,0.8505550881170205,0.7502601055951177
176,26,21,10,19,\N,20,0.7333619496011154,0.7980199768666099
177,26,16,10,18,\N,20,0.7333619496011154,0.6743268506186608
178,27,1,1,1,1,1,2.273518167203879,0.7889111348404987
179,27,5,1,3,5,1,2.273518167203879,0.6810301142004183
180,27,12,4,17,2,1,1.3043673819053694,0.5797341653355605
181,27,4,4,5,11,1,1.3043673819053694,0.9572484719527076
182,27,13,6,2,3,1,5.000164300340007,0.7386300052586465
183,27,8,6,6,6,1,5.000164300340007,0.7236407669671323
184,27,2,2,12,4,1,3.0562390832933315,0.6545119113855552
185,27,9,2,7,7,1,3.0562390832933315,0.8270857709173662
186,27,20,5,9,8,1,0.8505550881170205,0.7682617961146871
187,27,7,5,15,12,1,0.8505550881170205,0.6972762103129095
188,27,15,7,4,9,1,1.8268815547508408,0.8931430066462583
189,27,10,7,11,\N,22,1.8268815547508408,0.6156144825056657
190,27,3,3,13,10,1,1.1276580727581926,0.8313510927744907
191,27,6,3,16,14,1,1.1276580727581926,0.6517788674028884
192,27,14,9,10,13,1,1.5268514086339717,0.6313947038935961
193,27,17,9,8,\N,5,1.5268514086339717,0.8650670292095166
194,27,16,10,19,15,1,0.7333619496011154,0.682605965209145
195,27,21,10,20,16,1,0.7333619496011154,0.7868210217449813
196,27,18,11,14,17,11,0.9797621139807148,0.6989601615758211
197,27,22,11,18,\N,4,0.9797621139807148,0.7662315619485913
198,28,5,1,2,1,1,3.0562390832933315,0.6896093853782083
199,28,1,1,1,5,1,3.0562390832933315,0.7777619974663458
200,28,10,7,5,2,1,1.8268815547508408,0.6330317836103598
201,28,15,7,9,7,1,1.8268815547508408,0.8622418980310893
202,28,8,6,6,3,1,5.000164300340007,0.7431735472396829
203,28,13,6,3,17,5,5.000164300340007,0.7193320483022807
204,28,4,4,7,4,1,1.5268514086339717,0.949225494533676
205,28,12,4,10,6,1,1.5268514086339717,0.584555005411403
206,28,9,2,4,8,1,2.273518167203879,0.8450706127324875
207,28,2,2,15,10,1,2.273518167203879,0.6432426074346906
208,28,17,9,8,9,1,1.3043673819053694,0.8660058842185551
209,28,14,9,13,11,1,1.3043673819053694,0.6308530537695868
210,28,18,11,12,12,11,0.9797621139807148,0.717689872587564
211,28,22,11,17,16,12,0.9797621139807148,0.7449343947832416
212,28,6,3,16,13,11,1.1276580727581926,0.6566526517598458
213,28,3,3,14,14,11,1.1276580727581926,0.8237883698338433
214,28,21,10,18,15,11,0.7333619496011154,0.7910059984038539
215,28,16,10,20,\N,23,0.7333619496011154,0.6794651201920797
216,28,7,5,19,18,13,0.8505550881170205,0.6986531916133043
217,28,20,5,11,\N,25,0.8505550881170205,0.7666001723099394
218,29,13,6,1,1,1,5.000164300340007,0.7519000202935545
219,29,8,6,4,\N,5,5.000164300340007,0.7113395994347687
220,29,1,1,2,2,1,3.0562390832933315,0.7823098824251359
221,29,5,1,5,4,1,3.0562390832933315,0.6860575467123556
222,29,9,2,3,3,1,2.273518167203879,0.8546516892561984
223,29,2,2,8,9,1,2.273518167203879,0.6374870880727223
224,29,15,7,7,5,1,1.8268815547508408,0.8650670292095166
225,29,10,7,13,7,1,1.8268815547508408,0.6313947038935961
226,29,20,5,6,6,1,0.8505550881170205,0.7771369166229789
227,29,7,5,10,10,1,0.8505550881170205,0.6901033966578752
228,29,3,3,9,8,1,1.1276580727581926,0.8317063641009661
229,29,6,3,11,15,11,1.1276580727581926,0.6515530070811618
230,29,12,4,15,11,1,1.5268514086339717,0.5966958572071431
231,29,4,4,12,\N,4,1.5268514086339717,0.9277658395485998
232,29,17,9,14,12,11,1.3043673819053694,0.868502127687785
233,29,14,9,17,17,11,1.3043673819053694,0.6294184854961197
234,29,18,11,16,13,11,0.9797621139807148,0.7279488078290364
235,29,22,11,19,16,11,0.9797621139807148,0.7341950320256757
236,29,21,10,18,14,11,0.7333619496011154,0.7980199768666099
237,29,16,10,20,\N,3,0.7333619496011154,0.6743268506186607
238,30,13,6,2,1,1,5.000164300340007,0.7797852127084607
239,30,8,6,4,18,20,5.000164300340007,0.6880201430916469
240,30,2,2,5,2,1,2.273518167203879,0.6504280601084498
241,30,9,2,8,6,1,2.273518167203879,0.833482181177255
242,30,1,1,1,3,1,3.0562390832933315,0.7926205096717274
243,30,5,1,3,10,6,3.0562390832933315,0.6782686657651823
244,30,4,4,6,4,1,1.5268514086339717,0.9421901791139075
245,30,12,4,12,\N,20,1.5268514086339717,0.5886260156929959
246,30,20,5,10,5,1,0.9797621139807148,0.775025412932779
247,30,7,5,9,7,1,0.9797621139807148,0.6917828041858067
248,30,17,9,7,8,1,1.3043673819053694,0.8737447048603484
249,30,14,9,14,11,11,1.3043673819053694,0.6264305981947704
250,30,10,7,13,9,1,1.8268815547508408,0.6423435107432682
251,30,15,7,11,16,11,1.8268815547508408,0.8465501228769827
252,30,3,3,15,12,11,1.1276580727581926,0.833482181177255
253,30,6,3,19,14,11,1.1276580727581926,0.6504280601084498
254,30,16,10,18,13,11,0.7333619496011154,0.685543747398248
255,30,21,10,20,17,11,0.7333619496011154,0.782975640925718
256,30,18,11,17,15,11,0.8505550881170205,0.7325028841583064
257,30,22,11,16,\N,6,0.8505550881170205,0.7296199574375386
258,31,20,5,1,1,1,1.3043673819053694,0.8015427468962805
259,31,7,5,4,18,11,1.3043673819053694,0.6718028788374669
260,31,5,1,2,2,1,3.0562390832933315,0.7028493364951697
261,31,1,1,15,7,1,3.0562390832933315,0.7616180017943243
262,31,9,2,11,3,1,2.273518167203879,0.8273905329542295
263,31,2,2,10,5,1,2.273518167203879,0.6543152998715894
264,31,4,4,8,4,1,1.5268514086339717,0.9464755520960703
265,31,12,4,17,10,1,1.5268514086339717,0.586160611829334
266,31,13,6,6,6,1,5.000164300340007,0.7925051014880284
267,31,8,6,14,9,1,5.000164300340007,0.6783539138001302
268,31,17,9,3,8,1,1.1276580727581926,0.8895353160131159
269,31,14,9,13,16,11,1.1276580727581926,0.6176027867953245
270,31,10,7,9,11,1,1.8268815547508408,0.6475685431777316
271,31,15,7,7,13,1,1.8268815547508408,0.8380432814494136
272,31,6,3,18,12,1,0.9797621139807148,0.6447565406688716
273,31,3,3,5,14,1,0.9797621139807148,0.8425940170234728
274,31,18,11,19,15,1,0.8505550881170205,0.7310585786300049
275,31,22,11,16,17,11,0.8505550881170205,0.7310585786300049
276,31,16,10,20,19,12,0.7333619496011154,0.6805818652150034
277,31,21,10,12,\N,3,0.7333619496011154,0.7895091932356184
278,32,4,4,15,1,1,1.8268815547508408,0.9543613550398556
279,32,12,4,16,\N,3,1.8268815547508408,0.5814956622062494
280,32,3,3,8,2,1,0.9797621139807148,0.8448139894491224
281,32,6,3,10,8,1,0.9797621139807148,0.6433989583242224
282,32,1,1,2,3,1,5.000164300340007,0.7730255821074646
283,32,5,1,5,10,1,5.000164300340007,0.6933887676172806
284,32,10,7,7,4,1,1.5268514086339717,0.6663557968719439
285,32,15,7,11,\N,9,1.5268514086339717,0.809322183004107
286,32,20,5,6,5,1,1.3043673819053694,0.8206849672613876
287,32,7,5,17,12,1,1.3043673819053694,0.6586905520317935
288,32,2,2,9,6,1,2.273518167203879,0.6615293869440108
289,32,9,2,4,11,1,2.273518167203879,0.8164197054934791
290,32,14,9,14,7,1,1.1276580727581926,0.6309972967093627
291,32,17,9,13,\N,7,1.1276580727581926,0.8657556668454365
292,32,18,11,12,9,1,0.8505550881170205,0.7515715738934365
293,32,22,11,18,\N,26,0.8505550881170205,0.7116339219518919
294,32,13,6,1,13,1,3.0562390832933315,0.7938061121342361
295,32,8,6,3,15,3,3.0562390832933315,0.677395347474583
296,32,21,10,20,14,1,0.7333619496011154,0.7882138906157204
297,32,16,10,19,\N,3,0.7333619496011154,0.6815541915352465
298,33,4,4,4,1,1,1.8268815547508408,0.953833633001014
299,33,12,4,12,4,1,1.8268815547508408,0.5818141377448852
300,33,9,2,6,2,1,2.273518167203879,0.833482181177255
301,33,2,2,16,9,1,2.273518167203879,0.6504280601084498
302,33,8,6,2,3,1,5.000164300340007,0.6873986386222443
303,33,13,6,5,7,1,5.000164300340007,0.7805815713698451
304,33,15,7,7,5,1,1.5268514086339717,0.8241520727655486
305,33,10,7,8,\N,28,1.5268514086339717,0.6564153026807514
306,33,20,5,9,6,1,1.3043673819053694,0.821485002312864
307,33,7,5,10,10,1,1.3043673819053694,0.6581630087514718
308,33,17,9,13,8,1,1.1276580727581926,0.8702118048190604
309,33,14,9,11,\N,4,1.1276580727581926,0.6284404796118289
310,33,3,3,15,11,1,0.9797621139807148,0.8414574959928546
311,33,6,3,14,15,11,0.9797621139807148,0.6454551080492086
312,33,1,1,1,12,1,3.0562390832933315,0.7792879210861527
313,33,5,1,3,\N,5,3.0562390832933315,0.6884093973380497
314,33,22,11,17,13,11,0.8505550881170205,0.7150393316613967
315,33,18,11,18,14,11,0.8505550881170205,0.747811215221544
316,33,21,10,20,\N,6,0.7333619496011154,0.7857778222528913
317,33,16,10,19,\N,27,0.7333619496011154,0.6833979618825686
318,34,1,1,1,1,1,3.0562390832933315,0.8021653680214289
319,34,5,1,5,\N,9,3.0562390832933315,0.6713605924949618
320,34,13,6,3,2,1,5.000164300340007,0.7775413176716633
321,34,8,6,2,3,1,5.000164300340007,0.6897836288333835
322,34,4,4,4,4,1,1.8268815547508408,0.9533649418833439
323,34,12,4,10,8,1,1.8268815547508408,0.5820961408695374
324,34,2,2,9,5,1,2.273518167203879,0.6593546813292253
325,34,9,2,11,6,1,2.273518167203879,0.819681102757864
326,34,10,7,12,7,1,1.5268514086339717,0.6678559410934238
327,34,15,7,7,\N,4,1.5268514086339717,0.8071554154853626
328,34,20,5,6,9,1,1.3043673819053694,0.8234460618587057
329,34,7,5,8,13,1,1.3043673819053694,0.6568763199912606
330,34,14,9,15,10,1,1.1276580727581926,0.6289574114259695
331,34,17,9,16,14,1,1.1276580727581926,0.8693073581087244
332,34,22,11,13,11,1,0.8505550881170205,0.7255890199026461
333,34,18,11,18,16,11,0.8505550881170205,0.7366112135043927
334,34,6,3,17,12,1,0.9797621139807148,0.6504280601084498
335,34,3,3,14,15,11,0.9797621139807148,0.833482181177255
336,34,21,10,20,17,11,0.7333619496011154,0.7836341143500044
337,34,16,10,19,\N,5,0.7333619496011154,0.6850370876030214
338,35,13,6,1,1,1,5.000164300340007,0.7794315486923582
339,35,8,6,3,3,1,5.000164300340007,0.68829688181067
340,35,4,4,6,2,1,1.8268815547508408,0.9604060744102123
341,35,12,4,11,\N,3,1.8268815547508408,0.5777660162570919
342,35,20,5,7,4,1,1.3043673819053694,0.8322984069747369
343,35,7,5,9,14,11,1.3043673819053694,0.6511772187526033
344,35,1,1,4,5,1,3.0562390832933315,0.8015427468962805
345,35,5,1,5,7,1,3.0562390832933315,0.6718028788374669
346,35,10,7,10,6,1,1.5268514086339717,0.6660303270995062
347,35,15,7,2,8,1,1.5268514086339717,0.8097947334872667
348,35,17,9,12,9,1,1.1276580727581926,0.8764315055899328
349,35,14,9,14,\N,4,1.1276580727581926,0.6249115188328095
350,35,2,2,8,10,11,2.273518167203879,0.6676629893456778
351,35,9,2,13,11,11,2.273518167203879,0.8074330709275785
352,35,3,3,18,12,11,0.9797621139807148,0.8311142272021208
353,35,6,3,16,17,12,0.9797621139807148,0.6519296024374135
354,35,18,11,17,13,11,0.8505550881170205,0.7363005973392479
355,35,22,11,15,15,11,0.8505550881170205,0.7258906644095623
356,35,16,10,20,16,12,0.7333619496011154,0.68829688181067
357,35,21,10,19,18,12,0.7333619496011154,0.7794315486923582
358,36,8,6,1,1,1,5.000164300340007,0.9988039092590283
359,36,13,6,22,6,1,5.000164300340007,0.5370926355498303
360,36,4,1,2,2,1,0.6232802959048005,0.7910059984038539
361,36,1,1,4,3,1,0.6232802959048005,0.6794651201920797
362,36,2,2,3,4,1,3.0562390832933315,0.9961656640692799
363,36,9,2,5,\N,6,3.0562390832933315,0.5448438740423774
364,36,21,4,6,5,1,2.273518167203879,0.958450338568484
365,36,5,4,13,10,11,2.273518167203879,0.5789905357400984
366,36,3,3,12,7,11,1.8268815547508408,0.9780651231545899
367,36,25,3,15,\N,4,1.8268815547508408,0.5654550108543672
368,36,23,7,9,8,11,1.5268514086339717,0.7310585786300049
369,36,15,7,8,9,11,1.5268514086339717,0.7310585786300049
370,36,22,11,16,11,11,1.3043673819053694,0.7502601055951177
371,36,18,11,14,15,11,1.3043673819053694,0.7128140986174973
372,36,11,8,10,12,11,1.1276580727581926,0.833482181177255
373,36,19,8,11,16,12,1.1276580727581926,0.6504280601084498
374,36,17,9,7,13,11,0.9797621139807148,0.9961656640692799
375,36,14,9,18,\N,4,0.9797621139807148,0.5448438740423774
376,36,24,5,19,14,11,0.8505550881170205,0.833482181177255
377,36,26,5,17,\N,29,0.8505550881170205,0.6504280601084498
378,36,16,12,20,17,12,0.7333619496011154,0.8546516892561985
379,36,27,12,21,\N,3,0.7333619496011154,0.6374870880727223
380,37,4,1,2,1,1,0.6232802959048005,0.7910059984038539
381,37,1,1,4,2,1,0.6232802959048005,0.6794651201920797
382,37,8,6,3,3,1,5.000164300340007,0.9304577676181545
383,37,13,6,1,5,1,5.000164300340007,0.595209378167507
384,37,2,2,5,4,1,3.0562390832933315,0.9936597099353724
385,37,9,2,7,18,11,3.0562390832933315,0.5493004600455449
386,37,21,4,12,6,1,2.273518167203879,0.8650670292095166
387,37,5,4,11,8,1,2.273518167203879,0.6313947038935961
388,37,15,7,8,7,1,1.8268815547508408,0.8228185034689511
389,37,23,7,9,15,11,1.8268815547508408,0.6572870861986098
390,37,25,3,19,9,1,1.5268514086339717,0.6044633569809079
391,37,3,3,6,\N,9,1.5268514086339717,0.9135638825889782
392,37,17,9,10,10,1,1.3043673819053694,0.9876434423834515
393,37,14,9,13,\N,23,1.3043673819053694,0.5568163831615712
394,37,22,11,22,11,11,1.1276580727581926,0.7128140986174973
395,37,18,11,15,12,11,1.1276580727581926,0.7502601055951177
396,37,11,8,14,13,11,0.9797621139807148,0.8546516892561985
397,37,19,8,18,16,11,0.9797621139807148,0.6374870880727223
398,37,26,5,17,14,11,0.8505550881170205,0.704076110794661
399,37,24,5,16,17,11,0.8505550881170205,0.760184216282552
400,37,27,12,20,\N,5,0.7333619496011154,0.6956029907222245
401,37,16,12,21,\N,4,0.7333619496011154,0.7702989490466019
402,38,13,6,1,1,1,5.000164300340007,0.646000478363999
403,38,8,6,3,3,1,5.000164300340007,0.8405729710282837
404,38,1,1,2,2,1,0.6232802959048005,0.724866149113898
405,38,4,1,4,5,1,0.6232802959048005,0.7373577049192391
406,38,2,2,5,4,1,3.0562390832933315,0.9623025774873808
407,38,9,2,6,6,1,3.0562390832933315,0.5765598603265071
408,38,15,7,9,7,1,1.8268815547508408,0.861612414289795
409,38,23,7,14,12,11,1.8268815547508408,0.6333980587461118
410,38,21,4,7,8,1,2.273518167203879,0.861612414289795
411,38,5,4,12,9,1,2.273518167203879,0.6333980587461118
412,38,3,3,10,10,1,1.5268514086339717,0.868502127687785
413,38,25,3,11,11,11,1.5268514086339717,0.6294184854961197
414,38,22,11,15,13,11,1.1276580727581926,0.7771369166229789
415,38,18,11,16,\N,4,1.1276580727581926,0.6901033966578752
416,38,27,12,22,14,12,0.7333619496011154,0.7012220749464226
417,38,16,12,20,15,14,0.7333619496011154,0.7635356681676853
418,38,19,8,13,16,5,0.9797621139807148,0.7012220749464226
419,38,11,8,17,\N,5,0.9797621139807148,0.7635356681676853
420,38,17,9,8,\N,6,1.3043673819053694,0.9848911158760568
421,38,14,9,21,\N,30,1.3043673819053694,0.5595638239566655
422,38,24,5,18,\N,9,0.8505550881170205,0.7702989490466019
423,38,26,5,19,\N,4,0.8505550881170205,0.6956029907222245
424,39,13,6,1,1,1,5.000164300340007,0.7502601055951177
425,39,8,6,3,\N,22,5.000164300340007,0.7128140986174973
426,39,1,1,4,2,1,0.6232802959048005,0.7218109992535692
427,39,4,1,2,3,1,0.6232802959048005,0.7405460997436751
428,39,9,2,5,4,1,3.0562390832933315,0.6374870880727223
429,39,2,2,7,\N,6,3.0562390832933315,0.8546516892561985
430,39,14,9,9,5,1,1.3043673819053694,0.6538247109161819
431,39,17,9,19,\N,9,1.3043673819053694,0.8281523883408324
432,39,3,3,11,6,1,1.8268815547508408,0.941911164303092
433,39,25,3,18,\N,4,1.8268815547508408,0.588785169706646
434,39,5,4,8,7,1,2.273518167203879,0.6680732318825002
435,39,21,4,10,9,11,2.273518167203879,0.8068431029805595
436,39,11,8,13,8,11,1.1276580727581926,0.7805815713698451
437,39,19,8,15,11,11,1.1276580727581926,0.6873986386222443
438,39,22,11,12,10,11,0.9797621139807148,0.7857778222528913
439,39,18,11,14,12,11,0.9797621139807148,0.6833979618825686
440,39,16,12,20,13,12,0.8505550881170205,0.7652190980737241
441,39,27,12,21,14,12,0.8505550881170205,0.6998061529796263
442,39,23,7,17,\N,22,1.5268514086339717,0.6313947038935961
443,39,15,7,6,\N,32,1.5268514086339717,0.8650670292095166
444,39,24,5,16,\N,31,0.7333619496011154,0.7962623078186398
445,39,26,5,22,\N,27,0.7333619496011154,0.675600119944917
446,40,4,1,1,1,1,0.6232802959048005,0.7463483057007358
447,40,1,1,2,2,1,0.6232802959048005,0.716382196968133
448,40,13,6,3,3,1,5.000164300340007,0.8206849672613876
449,40,8,6,16,8,11,5.000164300340007,0.6586905520317935
450,40,21,4,4,4,11,2.273518167203879,0.8753066872371988
451,40,5,4,15,13,5,2.273518167203879,0.6255465187983794
452,40,9,2,8,5,11,3.0562390832933315,0.6531401395894707
453,40,2,2,7,6,11,3.0562390832933315,0.8292188426021443
454,40,25,3,11,7,11,1.8268815547508408,0.606413045048392
455,40,3,3,5,12,11,1.8268815547508408,0.9099828947371995
456,40,26,5,18,9,11,0.9797621139807148,0.7092874518439134
457,40,24,5,12,\N,3,0.9797621139807148,0.7542055570623813
458,40,22,11,9,10,11,0.8505550881170205,0.7826560068513813
459,40,18,11,10,11,11,0.8505550881170205,0.685790232004273
460,40,14,9,13,14,12,1.3043673819053694,0.6673353937950038
461,40,17,9,6,\N,6,1.3043673819053694,0.8079051790271973
462,40,15,7,14,15,12,1.5268514086339717,0.8671305435524423
463,40,23,7,20,16,12,1.5268514086339717,0.6302057313343336
464,40,11,8,21,17,12,1.1276580727581926,0.7581834749497285
465,40,19,8,17,18,12,1.1276580727581926,0.7058026784940664
466,40,27,12,22,19,30,0.7333619496011154,0.698960161575821
467,40,16,12,19,\N,3,0.7333619496011154,0.7662315619485914
468,41,1,1,1,1,1,0.6232802959048005,0.7405460997436751
469,41,4,1,2,7,1,0.6232802959048005,0.7218109992535692
470,41,2,2,3,2,1,3.0562390832933315,0.8820119142491653
471,41,9,2,8,\N,3,3.0562390832933315,0.6217802380609116
472,41,25,3,19,3,1,1.8268815547508408,0.6128138048569951
473,41,3,3,7,10,1,1.8268815547508408,0.8982483611420702
474,41,5,4,22,4,1,2.273518167203879,0.6504280601084498
475,41,21,4,9,\N,2,2.273518167203879,0.833482181177255
476,41,8,6,4,5,1,5.000164300340007,0.7157846549681294
477,41,13,6,5,\N,2,5.000164300340007,0.746997887542625
478,41,11,8,11,6,1,1.1276580727581926,0.7910059984038539
479,41,19,8,17,11,1,1.1276580727581926,0.6794651201920798
480,41,23,7,18,8,1,1.5268514086339717,0.6374870880727223
481,41,15,7,10,\N,3,1.5268514086339717,0.8546516892561985
482,41,17,9,6,9,1,1.3043673819053694,0.847633953600602
483,41,14,9,14,\N,6,1.3043673819053694,0.6416873388911916
484,41,22,11,13,12,1,0.8505550881170205,0.8086135565880427
485,41,18,11,15,\N,6,0.8505550881170205,0.6668449974558048
486,41,24,5,12,\N,3,0.9797621139807148,0.7805815713698451
487,41,26,5,16,\N,3,0.9797621139807148,0.6873986386222443
488,41,27,12,21,\N,33,0.7333619496011154,0.7098723291159993
489,41,16,12,20,\N,3,0.7333619496011154,0.7535456942023746
490,42,1,1,1,1,1,0.6232802959048005,0.7446823982906241
491,42,4,1,2,2,1,0.6232802959048005,0.7179239543570245
492,42,13,6,3,3,1,5.000164300340007,0.7502601055951177
493,42,8,6,4,4,1,5.000164300340007,0.7128140986174973
494,42,5,4,6,5,1,2.273518167203879,0.6772482448257275
495,42,21,4,10,9,11,2.273518167203879,0.7940064108615468
496,42,15,7,8,6,1,1.5268514086339717,0.895068153868475
497,42,23,7,12,\N,4,1.5268514086339717,0.6145567676983563
498,42,17,9,9,7,1,1.3043673819053694,0.8753066872371988
499,42,14,9,11,\N,4,1.3043673819053694,0.6255465187983794
